A_id,Size,Weight,Sweetness,Crunchiness,Juiciness,Ripeness,Acidity,Quality
0,-3.970048523,-2.512336381,5.346329613,-1.012008712,1.844900361,0.329839797,-0.491590483,good
1,-1.195217191,-2.839256528,3.664058758,1.588232309,0.853285795,0.867530082,-0.722809367,good
2,-0.292023862,-1.351281995,-1.738429162,-0.342615928,2.838635512,-0.038033328,2.621636473,bad
3,-0.657195773,-2.271626609,1.324873847,-0.097874716,3.637970491,-3.413761338,0.790723217,good
4,1.36421682,-1.296611877,-0.384658206,-0.55300577,3.030874354,-1.303849429,0.501984036,good
5,-3.425399755,-1.409082204,-1.913511195,-0.555774864,-3.85307147,1.914615916,-2.981523169,bad
6,1.331605736,1.635955715,0.875974244,-1.67779794,3.106344455,-1.847416733,2.414170509,good
7,-1.995462096,-0.42895848,1.530643583,-0.742971676,0.158834003,0.974437858,-1.470125066,good
8,-3.867632233,-3.734513576,0.986429067,-1.20765455,2.292872919,4.080920787,-4.871904758,bad