Category1,Category2,Age
A,X,48.543895
B,Y,59.286979
C,Z,57.643935
D,Y,54.270813
E,X,52.729728
F,Y,49.378309
G,Z,53.455234
H,Y,47.929268
I,X,38.645122
J,Z,54.960154
K,X,46.893683
L,Y,48.915407
M,Z,52.126975
N,Y,43.476294
O,X,60.295926
P,Z,53.876911
Q,X,52.574267
R,Y,40.735113
S,Z,51.697897
T,X,53.304273
